chrom	start	end	name	hap_broken	SD_associated	CHM13_known_coverage_issue	win_start	win_end
chr1	853688	888397	ce1a60f62fb068ae8b33154cb22988cf	90	False	True	850000	890000
chr1	1758088	1768449	32382b00c9dcf8c2f9639d919692ade4	61	False	False	1750000	1770000
chr1	1768736	1770333	984e1190b714b9733d5d95374bf67b8c	6	False	False	1760000	1780000
chr1	2359761	2359913	6ac49038ca16cd398eaa79f52910ef31	5	False	False	2350000	2360000
chr1	3610178	3610475	6184572ce9b1d8e3f333944664de1bc3	5	False	False	3610000	3620000
chr1	3610877	3611998	4e27e0a62a962cdf9fc23de54e5a3ec1	20	False	False	3610000	3620000
chr1	5501062	5531026	960cf368f01cfdf4c98e653b87573886	19	False	False	5500000	5540000
chr1	6267780	6271194	aaa050a248f25e93db8cc8471d4d0729	9	False	False	6260000	6280000
chr1	7048498	7051846	60c0fac52f3123611d2906476ad7e2d8	15	False	False	7040000	7060000
chr1	8586436	8586505	41753b94972705540fa5f79eb80aff3d	5	False	False	8580000	8590000
chr1	8586684	8588586	2e2ae87f0932bbff83e9cc684f484a91	11	False	False	8580000	8590000
chr1	9729190	9738354	7754bce7e8dbc5dc68c32c9c6b2afb19	60	False	False	9720000	9740000
chr1	44665698	44667479	1c6f60833d53dcc9b136d5c6661daa86	8	False	False	44660000	44670000
chr1	44667737	44668206	40dcf1e4062409c626515cf320500e59	5	False	False	44660000	44670000
chr1	51784535	51789881	b6aabd11331d18b8d9dd6a41ae3dca04	51	False	False	51780000	51790000
chr1	69793829	69794624	e478965fd45626137aedc73adf07a0fa	6	True	False	69790000	69800000
chr1	86636167	86641028	e42a7f2392d348ade5c6743dcb56dd7b	36	False	False	86630000	86650000
chr1	86641034	86641115	92e0aaa88e15899810c601f6d6598ad0	5	False	False	86640000	86650000
chr1	103209967	103210188	8cbafa01cf60b76d7d65274e7bc04042	5	False	False	103200000	103220000
chr1	103210465	103215326	aadb48d6e9af1b7e03e0883004afa986	17	False	False	103210000	103220000
chr1	103516625	103705559	ba1f09aed5a66da0f506fd7c841be7b6	11	True	False	103510000	103710000
chr1	103750618	103769764	4b697c02a9888ffaa3d6a19be54f3f3f	5	True	False	103750000	103770000
chr1	105996737	106000331	012a6cdbdc2597c13bc208727fe832a8	22	False	False	105990000	106010000
chr1	128965827	128999395	38ca717e3fb5bfb920fcd0c30d4c703e	7	True	False	128960000	129000000
chr1	142274084	142339473	93ba8ac3b8a5b39770e97eacac776d97	8	True	False	142270000	142340000
chr1	143030169	143116772	8d28be1f41fd2868774a735ad409209f	5	True	False	143030000	143120000
chr1	160598507	160716784	fa66ba7dce9127a9ecf3178a31e5d002	40	True	False	160590000	160720000
chr1	167822214	167830064	05ece15927771323b09b1b770a3f4d0b	43	False	False	167820000	167840000
chr1	201430113	201431314	8cfa5de4b9905ef361e2b2875e157cf8	8	False	False	201430000	201440000
chr1	214072360	214072415	3d7ab2b39ad15cfc922cc291158f1c88	5	False	False	214070000	214080000
chr1	214072464	214074685	a7737b891f694c50ac000fb060729cb6	13	False	False	214070000	214080000
chr1	214449424	214449862	eafd9976703a6b9117519a2b9c264c43	5	False	False	214440000	214450000
chr1	219198563	219199090	9a36166e851edacf073068c6902bd390	5	False	False	219190000	219200000
chr1	219199702	219200230	a2450574974809453466856755050367	6	False	False	219190000	219210000
chr1	227095735	227097717	fdaf8dc8ee9c48df517f0f587fb86d52	9	False	False	227090000	227100000
chr1	227763034	228002784	e03553d4f64fe6b588a7725e1292ed37	32	True	False	227760000	228010000
chr1	231180507	231181744	4df45670d54463ac103a912710fa6d57	5	False	False	231180000	231190000
chr1	231181755	231188206	181af6ccb702945f9b2d47eecdc10c18	56	False	False	231180000	231190000
chr1	234416198	234417097	c7798cff74f1523b5f1b3cadfb4a359a	9	False	False	234410000	234420000
chr1	234417105	234417234	e59be66501abda0ff9fe1e2f44825a69	5	False	False	234410000	234420000
chr1	246113671	246120720	233f86967bcf00e7bdad33cc07b078e9	42	False	False	246110000	246130000
chr1	246794839	246798175	d1c548abd124f6f46e23451da685d654	21	False	False	246790000	246800000
chr10	468871	512225	9d421bdfe02fbc393cdd1630e9af664e	33	False	False	460000	520000
chr10	8270388	8271713	1d911ccbb6520e50c4e26b95de56617e	7	False	False	8270000	8280000
chr10	8807311	8808706	9a8c2c3bffffb2478ad7f5ff51a828bb	13	False	False	8800000	8810000
chr10	8985946	8990304	3f4f4ad10836890d7bd88214313347f3	25	False	False	8980000	9000000
chr10	48068187	48073607	cbd7242a353581672163882cf0fefd9a	21	False	False	48060000	48080000
chr10	65944920	65948556	6029060c75c831206c7ecd7d2ea49564	21	False	False	65940000	65950000
chr10	80509465	80512130	aa9b09b85afa57763e7ced38d3c125a5	10	True	False	80500000	80520000
chr10	97295119	97295656	1057140cae9cf12ebf1f73afd97d08dd	6	False	False	97290000	97300000
chr10	97295669	97295843	a04afb5b1a46a3d06c08063b96a152d4	5	False	False	97290000	97300000
chr10	98131157	98136454	0d3a751906cce6c256b605657841f770	20	False	True	98130000	98140000
chr10	103520340	103523607	c20ccbe111897158d09e3b8da3389d88	15	False	False	103520000	103530000
chr10	103523761	103524012	079acf8ee76e4a3ddfcc9b72df91dc9a	5	False	False	103520000	103530000
chr10	108973337	108978048	cf2e4776aafa911a1c0dbbd3aa008775	42	True	False	108970000	108980000
chr10	114974751	114977687	dcc0e61290140fd5557afc19885da788	16	False	False	114970000	114980000
chr10	121628321	121631459	9630939c4ea2547630d0b3c2b1650855	26	False	False	121620000	121640000
chr10	125348741	125351482	30700e9c3e31649dfb50b17af4380b1b	23	False	False	125340000	125360000
chr10	127447092	127448153	8f87ed2badf988c64de2aa8e16e314dd	8	False	False	127440000	127450000
chr10	132553533	132559802	64c40dc91afc75509dee0076d004b335	19	False	False	132550000	132560000
chr10	133111530	133118409	b253142b28ad474ce83882b797bfc643	27	False	False	133110000	133120000
chr11	26669670	26669998	46c4e46f40d6a7cd15f956e60e02c90c	5	False	False	26660000	26670000
chr11	34823540	34825339	42b3743fdcb0d49db9327c24609d60e4	6	False	False	34820000	34830000
chr11	37887599	37889976	a3a85f3d7a30c657ac317f855e676792	7	False	False	37880000	37890000
chr11	44705979	44707261	62cb7f164eb71f09205a09c3ddee6a0e	14	False	False	44700000	44710000
chr11	55209492	55211706	90f55790fe01f75860de36376929c128	9	True	False	55200000	55220000
chr11	65509530	65510433	4d164e725b837a1aa47fc3a03d8c3d87	7	False	False	65500000	65520000
chr11	73177354	73182342	b54daeb6dc7d3e78381307c17ab76a29	60	False	False	73170000	73190000
chr11	87918273	87923661	41b1f105f63f10f8943fc5660363c0c0	13	False	False	87910000	87930000
chr11	89801224	89813883	d0e217809455a75da1f1931f18ed954d	5	True	False	89800000	89820000
chr11	89818490	89896464	5e0e940cc2dabfe4267e4fb7971f8e11	20	True	False	89810000	89900000
chr11	94173209	94227874	dc4cd85562b0e6085a15032101696304	25	False	False	94170000	94230000
chr11	96566625	96573858	4ac787ebc6b88765c951949195a6b60b	18	False	False	96560000	96580000
chr11	99825806	99828897	7f7fda658e46148740314f8b825a46ec	8	True	False	99820000	99830000
chr11	114643182	114645011	12d5eb212ff7b8b340679a6f75a75c94	8	False	False	114640000	114650000
chr11	116687415	116689431	f1e92ecc7953c4742a7f429502013b64	10	False	False	116680000	116690000
chr11	119371848	119371971	452f4950356f8a8deb867fcb5475e699	5	False	False	119370000	119380000
chr11	119372059	119373026	e271eb242e5c4732eee206c9952f5667	7	False	False	119370000	119380000
chr11	119373101	119373220	9b94cc4007d9e571cdd3f348745fa322	5	False	False	119370000	119380000
chr11	128899856	128903644	07d256b87c1e50ebffc0727deca816d2	28	False	False	128890000	128910000
chr11	133874384	133875470	2de58e512a2383d4a883c724366aca5b	6	False	True	133870000	133880000
chr12	6918236	6920818	ff701ce8ac6ce4328fc12f7996781d1f	19	False	False	6910000	6930000
chr12	40093197	40102977	62dc5a571b3e6f0396ec65adfb3805c1	49	False	False	40090000	40110000
chr12	57461826	57462272	0c4649023a65b424f7dcb0c38b2162c4	7	False	False	57460000	57470000
chr12	76094324	76100575	28982b4a6e1479e97076acdf7b92d236	17	False	False	76090000	76110000
chr12	97945361	97946102	6fbac2ee7fcc4f240ea919d494cbd31f	6	False	False	97940000	97950000
chr12	103466766	103467010	17ba205001a0418ee9ab190f63b7ebed	5	False	False	103460000	103470000
chr12	103467454	103468850	1c28c30fed7c0cfc7ab2fa38a7d90b48	15	False	False	103460000	103470000
chr12	105640821	105641972	8de36b2bd041c8741b412e55942af904	6	False	False	105640000	105650000
chr12	105642664	105642669	ad9d7d634fd4a8b98d293bc1b194d923	5	False	False	105640000	105650000
chr12	120916153	120917515	7d46f60e9b61b25aabbe0fab3f05438d	7	False	False	120910000	120920000
chr12	123442339	123456090	97be3f3ac1c4c28560a141a241e82c64	67	False	False	123440000	123460000
chr12	126837694	126844374	521e7a025cf1ccbe4c82460c1cd64242	53	False	True	126830000	126850000
chr12	127593248	127593413	5088317c66776a6be6fd5e07035b869b	5	False	False	127590000	127600000
chr12	127593772	127598310	0ae1bf98ef0657499b40047fdc29c038	21	False	False	127590000	127600000
chr12	127598800	127599694	20041855002a90fa18976433e1f3018b	6	False	False	127590000	127600000
chr12	128110901	128111036	a9b22f66a2a924b0105f4e6ccf4dee7c	5	False	False	128110000	128120000
chr12	128111053	128116791	dbdeced7e2ef8be47fc7abb030616056	36	False	False	128110000	128120000
chr12	129860266	129860295	dc9ae067091613d219c4d97aafa72ea0	5	False	False	129860000	129870000
chr12	129860442	129863870	f8abd3f2b52bc19b32db48fd40a98a61	13	False	False	129860000	129870000
chr12	129864418	129864624	d99f38c16ff934468262b82eabd2718b	5	False	False	129860000	129870000
chr12	133003804	133004091	b95d6f869dc3a9296b224a38cfd01366	5	False	False	133000000	133010000
chr12	133004403	133013158	21eb63d6fa761e9036bdd3dca2a1869c	28	False	True	133000000	133020000
chr13	5338087	5385581	cb9be58f396fc404e44560b6ef678e33	10	True	False	5330000	5390000
chr13	5535454	5609113	f6a2b65a03e83cabf9d76c62a1c09c33	8	True	False	5530000	5610000
chr13	5696950	9491340	fbd95c892daedfeda66b24a1391a2fac	45	True	False	5690000	9500000
chr13	10103305	10153994	71da11261b33049238c17c96492b4e94	19	True	False	10100000	10160000
chr13	10442278	10455904	452e5d06f9247518b00312413bbe21b1	23	True	False	10440000	10460000
chr13	10785697	10914873	57d2b7654b9f6817305fed9f262f8d86	27	True	False	10780000	10920000
chr13	10983692	11066043	1dc0f0681896c08d0f05e66dd11c4d22	33	True	False	10980000	11070000
chr13	11649706	11697839	8a5da5d7064963ccd2489f2c822aa42f	24	True	False	11640000	11700000
chr13	11746562	11769907	9f584b952be4c82276ee5e1e9cc20a63	25	True	False	11740000	11770000
chr13	11837062	11837189	9b098090524f9161dad2e1cf31246559	22	True	False	11830000	11840000
chr13	12097248	12776678	75858c64119e7547ddfdfd55f8709f11	20	True	False	12090000	12780000
chr13	13581187	13687902	3d1dab07c5b43a102feb6d9de8534d44	15	True	False	13580000	13690000
chr13	13701904	13923603	d37fa4dc2a1b2452d712b40ca9414909	18	True	False	13700000	13930000
chr13	21216544	21221441	d5b375147ba6552e248858c7c9d621fc	9	False	False	21210000	21230000
chr13	22259082	22268864	2ad21235c85e35e2401e84b7d5199027	41	False	False	22250000	22270000
chr13	26279636	26284786	ad07389eb6159c30e603f12b0982ec45	12	False	False	26270000	26290000
chr13	39431129	39434430	1c835e394a67d5500d01c2b3c0f41f12	24	False	False	39430000	39440000
chr13	40618034	40621569	96c7be3505a49621029e39d252b2f73f	15	False	False	40610000	40630000
chr13	44640756	44648565	521d3286cfb191ea16189b6ecd5de1bf	29	False	False	44640000	44650000
chr13	66828337	66828825	edc22f9ba3a8a5e09027b87d9a7e67fa	5	False	False	66820000	66830000
chr13	66828880	66829686	c58a5d489f966f9d372bb91f289d6e45	5	False	False	66820000	66830000
chr13	74031417	74035469	c57a6fa054e0efcb01a6efc4a0cc0592	16	False	False	74030000	74040000
chr13	83949815	83952739	25ecc500c786443a1c56df52e115cd81	11	False	False	83940000	83960000
chr13	85450436	85465756	37d73a8a990ac8b20718285be3af5b88	32	False	False	85450000	85470000
chr13	85979467	85985144	c566ae5bf26fe987370e2ad4c43e1170	48	False	False	85970000	85990000
chr13	99267384	99273351	88d1ffc6cd49d2315d4f8f3f70690867	21	False	False	99260000	99280000
chr13	108445321	108445566	de95015acb4e74f5cc8a715656030ac0	5	False	False	108440000	108450000
chr13	112675719	112675861	d1df86dc3bfc75a1170520129c918eee	5	False	False	112670000	112680000
chr13	112676372	112676571	89e4572421f958ce2b86e7e7c5d6eb0d	5	False	False	112670000	112680000
chr13	113215241	113218019	3efa4dc829b9ab4afe213fbd2fd0fae7	13	False	False	113210000	113220000
chr14	1653686	1665831	5b819c55d13b9fcb1fa06ef7e0606c90	9	True	False	1650000	1670000
chr14	1850919	1922988	8c4d12def34110bbec99c3c4279538c2	13	True	False	1850000	1930000
chr14	1989277	2874491	4f076a2bf5907789f927f825a79d0573	38	True	False	1980000	2880000
chr14	2960662	2992066	9f80ba1a86cf5b18afd1f6cba41f3bc4	19	True	False	2960000	3000000
chr14	3602084	3616651	3194ca1892e6f41e00375f2277f38a08	14	True	False	3600000	3620000
chr14	4040694	4085349	77f2ca408c43ef9d834e9bfd45d4a2ba	28	True	False	4040000	4090000
chr14	5738880	5767890	ee2a2151035d36f1b969371c703d4bba	25	True	False	5730000	5770000
chr14	6405688	6426506	5cec34c1f4ee7f56c008bc26c495fc2b	22	True	False	6400000	6430000
chr14	6960000	7012776	09ab63f42e8d4d3810e203a3ea5a9cd2	20	True	False	6960000	7020000
chr14	8364016	8718246	bad002c4560001560072ae88a4be4b1a	17	True	False	8360000	8720000
chr14	9917048	9940545	09ca33b3eabd1402b97d1ec01839433f	10	True	False	9910000	9950000
chr14	14430130	14430180	fe4de8be7544dd08b87672deebac7a77	5	False	False	14430000	14440000
chr14	14430368	14433548	23802314e96e4ce6d412a057fbfbb9e1	9	False	False	14430000	14440000
chr14	14434071	14435619	03bd044bb0769a27e1624dffd09fc0cb	5	False	False	14430000	14440000
chr14	46735843	46738944	a4e7d7ca133db2a0d03bddf7a7c01c98	25	False	False	46730000	46740000
chr14	54796606	54796840	e58adbc1b30529aeea88fee5bd1fde7e	5	False	False	54790000	54800000
chr14	70542163	70542992	73814f50d1e5bdb2c269810b41da72a3	8	False	False	70540000	70550000
chr14	75672650	75673857	df950a3b912a6d4bd897a253b83dad72	7	False	False	75670000	75680000
chr14	87389519	87394771	54cfef0d08116b627f55da2bd7147773	15	False	False	87380000	87400000
chr14	99908846	99909215	e67530af4638e7634c9401dde885bc9a	5	True	False	99900000	99910000
chr14	99965639	100630597	8564c8d28a760cecd589993d4f047a04	59	True	False	99960000	100640000
chr15	1705278	1774364	a0ca54c02b1a84f8ad3584b81feeb516	10	True	False	1700000	1780000
chr15	1800108	2137578	757d93e87d5acb2b7946dae256869ebc	18	True	False	1800000	2140000
chr15	2257904	2351707	e73a76c8800bd0d0e83404c6190ec0e4	18	True	False	2250000	2360000
chr15	2435083	4794425	8f6d7478db6d3dbc9e5bdf46b012369c	91	True	False	2430000	4800000
chr15	5335268	5415928	6f0dd6db11d30d2ed2b7e21b1ff4b7bd	46	True	False	5330000	5420000
chr15	18340744	18340754	535fc3cb27b98270b3386fa8e1091eb8	5	True	False	18340000	18350000
chr15	19546754	19668178	38258549b12ad9f0890745e46d5544c9	13	True	False	19540000	19670000
chr15	19669763	19702486	a4f2c5a41a8c21e88bb44a3a6c6e0f0b	5	True	False	19660000	19710000
chr15	22502642	22504690	93292fdefb9237933be3beffa5ea9b40	19	False	False	22500000	22510000
chr15	74894205	74902418	1ba57bdcc5d6f5a98e85bbbea08305de	67	False	True	74890000	74910000
chr15	83648119	83652306	230f2d5e2048aa70390e156a0a06fc3c	25	False	False	83640000	83660000
chr15	89808319	89810287	7de90f08e2c5628c203b5b179afee6fe	11	False	False	89800000	89820000
chr16	2124488	2128669	b047d3c61f01feb451306209245d2d04	9	True	False	2120000	2130000
chr16	10353300	10358906	21e86a639d6e6bb4ffb7c4964d6ea3d6	44	False	False	10350000	10360000
chr16	10533963	10541263	e1a090e99e8628f70e21c5dbd36102c5	24	False	False	10530000	10550000
chr16	10543404	10546085	8da482570b3f44c0a5254593ccc5e072	6	False	False	10540000	10550000
chr16	14915579	14938579	af0df94c979816e2a764f4418f229c07	13	True	False	14910000	14940000
chr16	15116749	15138089	589c89e9f95da478c4e8450a96ea80fd	16	True	False	15110000	15140000
chr16	16304302	16404611	f4c4fa947b7ea62884109ed9f38a0677	34	True	True	16300000	16410000
chr16	18340437	18418255	5b35e622dce26aaad18e3c3e0a378a69	31	True	False	18340000	18420000
chr16	32672754	32975811	36faeeace82d484600ae7de3c43f6a76	11	True	False	32670000	32980000
chr16	33059704	33063371	fd4c405c5347d4c16230ad9a22e71956	7	True	False	33050000	33070000
chr16	33096402	33610704	0649bdced364b21527ea16f739e969dd	25	True	False	33090000	33620000
chr16	33624205	34353383	e8451b513f2048205d08d3f03c545328	30	True	False	33620000	34360000
chr16	34369541	34386550	1887c46aef33f71651644b7dc9bef384	23	True	False	34360000	34390000
chr16	34504455	35401811	f9b30d51e4348e7c264fa84da321fdf7	35	True	False	34500000	35410000
chr16	61593317	61595136	0eebdbe86ccbf13f6038012985b08149	13	True	False	61590000	61600000
chr16	70917023	70920492	920fa2104ee6c5e2fdc83c63a83bd022	19	False	False	70910000	70930000
chr16	71114769	71118017	c34e380b544f07625dbf66bc72c11fbb	13	False	False	71110000	71120000
chr16	71118176	71118977	3823a83a818454cbbd4b6e6fd0c37d87	5	False	False	71110000	71120000
chr16	95071715	95077758	9add3164ed50412f2d6a9b614a5bf6a1	8	False	False	95070000	95080000
chr16	95080352	95085848	13f36af7d7e50fc4df3f82b122c9f07b	8	True	False	95080000	95090000
chr16	95712889	95714888	113c2f376a2d514c20bfa3d6ed49ffb2	5	False	False	95710000	95720000
chr16	95715527	95721100	acad255789a62bea20eb2a5e010b77e6	11	False	False	95710000	95730000
chr17	832859	835260	3d742223059d0dc7d36fe37b40cda398	6	True	False	830000	840000
chr17	2718335	2720986	bd0f845b5e53e96480457a5be6b3db76	13	False	False	2710000	2730000
chr17	6354107	6354511	db2dd3842c97385aa45011b7ea3a0ca8	5	False	False	6350000	6360000
chr17	6355070	6355743	f632e64fa8cf90db65b770c5c505be37	5	False	False	6350000	6360000
chr17	9337248	9337447	2b2b7010020aeada73ade188b65043d9	5	False	False	9330000	9340000
chr17	19010714	19159878	b94670d639ac797713d637454d6aee5a	42	True	False	19010000	19160000
chr17	39809010	39811169	d82ce791d8dca91efeba43393a15104b	9	False	False	39800000	39820000
chr17	46764786	46765356	78de2456a43fee9d9c4d3c3f251ce5bf	6	False	False	46760000	46770000
chr17	56376129	56376827	f21bbb1941dc3b08268e21149eace096	5	False	False	56370000	56380000
chr17	68943000	68950660	97c9e6e4517da6d8266e0e76385bf228	38	True	False	68940000	68960000
chr17	69372166	69372741	5e2f0c3c2cefca160ac84ce4e4347e3c	6	False	False	69370000	69380000
chr17	69834891	69837377	1e2e95c95e138f08208e8c96c46f1b71	14	False	False	69830000	69840000
chr17	74036776	74038420	bacadb3c5597522cc77fb010b1eb5483	9	False	False	74030000	74040000
chr17	75372558	75373238	1888392fedf07d03cb48966f3f9ddca8	5	False	False	75370000	75380000
chr17	78250806	78250859	7ec187f7b912e8979edb65037eb5a7ea	5	False	False	78250000	78260000
chr17	78251184	78251433	3e16d3af9df9d22b63b5e034e0042d83	5	False	False	78250000	78260000
chr17	82157173	82162101	f564189459040a4015755385b61eebb2	11	False	False	82150000	82170000
chr17	82162281	82162644	d052d5bfde7089eb96ee5331df2d2329	5	False	False	82160000	82170000
chr17	83925852	84121298	097be8996ed4cf3ff4ee0c8989a36c5d	33	True	False	83920000	84130000
chr18	25225069	25232336	d1d091cf67727eb333055a01f4a32edf	63	False	True	25220000	25240000
chr18	28043983	28052784	3aa02291f2c0f9d6bd52d4ff2554bd0a	50	False	False	28040000	28060000
chr18	29782418	29786883	c7e265693e9c63958c69750c180acaa3	18	False	False	29780000	29790000
chr18	30679963	30682807	6f98eed518435c9554f10b5877de7051	18	False	False	30670000	30690000
chr18	44550484	44554346	bf176b0e7ae317c63eb95648293d0b0a	19	False	False	44550000	44560000
chr18	47178906	47199613	4f38fff25af44ed19880d52bc63b8242	11	True	False	47170000	47200000
chr18	49637633	49639215	2fb26314eb6bb76ef6c50a2d6520c89f	8	False	False	49630000	49640000
chr18	62174543	62176574	29480dd0f544715426cae2d338434961	8	False	False	62170000	62180000
chr18	64594668	64594953	3f423594ee59ad2319b6c579cf10144e	5	False	False	64590000	64600000
chr18	65984855	65987494	b9d0937261157fde6648599103e85773	7	True	False	65980000	65990000
chr18	65987983	65988911	5aed6fee51607e1b545a0a2aead03734	6	False	False	65980000	65990000
chr18	66119046	66121962	5098d6152bd9d45035c6bd5fc8ff5266	14	False	False	66110000	66130000
chr18	68426238	68432102	fbe0d924d87fb019641f37f67d131449	40	False	False	68420000	68440000
chr18	78462768	78463029	c2518c485713e316f91eb979a91aee3b	5	False	False	78460000	78470000
chr18	78463732	78463890	e78b1192595ba0f3b4ec9cc059ae2867	5	False	False	78460000	78470000
chr19	823061	831139	7376b4213322feef5b7a479f142d42b0	35	False	False	820000	840000
chr19	1009924	1021900	6f9426b742de7aad10ff774298beec45	65	True	True	1000000	1030000
chr19	1120598	1130113	2aa708f976ee4ef8c53e28c12b191ba8	8	False	False	1120000	1140000
chr19	1132176	1132416	aedcc716604fe15fa3a5a7726469e3f7	5	False	False	1130000	1140000
chr19	1132979	1133031	0af81692cd1ff62f90e37110ca0d34be	5	False	False	1130000	1140000
chr19	1470715	1471472	6a283c352604ffc5e7e1a43a341d1841	5	False	False	1470000	1480000
chr19	1714866	1715213	8bb92c837db5e894c5b12877afcb8ae9	6	False	False	1710000	1720000
chr19	2349237	2394125	5e09408fc3c7028dfbea34f32ead3791	41	False	True	2340000	2400000
chr19	2394497	2396179	237d632631f76307b404c9c4034e94f3	6	False	False	2390000	2400000
chr19	2614492	2615057	e0ba100f7ca4f7f7db7ecf7dc39403af	5	False	False	2610000	2620000
chr19	2615506	2616591	2c96cb237ba0ab2a977bbf2d580f63bc	6	False	False	2610000	2620000
chr19	7023974	7055657	fcf62170748b07668a8a0f79d752ca09	40	True	False	7020000	7060000
chr19	14339662	14345267	2f0f8e8f60253513d36b5a0c54177de0	28	True	False	14330000	14350000
chr19	14345587	14345679	d035c99af4599150bc58fb4999d75cde	5	True	False	14340000	14350000
chr19	14889918	14891542	adec0ff55cbd6c98b97598af38419934	6	False	False	14880000	14900000
chr19	14891597	14899544	9ad7a5bc3f67e11bb8e25687379c22be	8	False	False	14890000	14900000
chr19	14900914	14901213	06657a9ffc15074f2d35509684015d07	5	False	False	14900000	14910000
chr19	14901236	14901356	a7c635de10c7e345d75ebd174fd6c9d7	5	False	False	14900000	14910000
chr19	14901843	14902298	85af24db32561f1461b2bda0952dd59c	5	False	False	14900000	14910000
chr19	39993323	40039007	94e0b4df6b5319f386d93028f80e8f02	7	True	False	39990000	40040000
chr19	50790258	50882147	92f0c0a708fe7059b604728cf701adca	12	True	False	50790000	50890000
chr19	50906142	50916491	9c9128297dd2581f4bb7dd1de5c2a23c	5	True	False	50900000	50920000
chr19	54048157	54048388	068aeca4b46252fc4d2d1acf58d81229	5	False	False	54040000	54050000
chr19	57498142	57505588	146c526277ef71d7d46517b8c4cd0d22	48	False	False	57490000	57510000
chr19	58806344	58816459	005df7eb957c24d6f48184a03414ac64	87	False	True	58800000	58820000
chr2	199685	208383	410149159798b7f7bffc85275e782b4c	67	False	False	190000	210000
chr2	4433522	4433545	efa3188402b90e3244d88b0f2459a1a6	5	False	False	4430000	4440000
chr2	7508828	7513403	0c834b67dc15548e9ad80305b4fd90a0	23	True	False	7500000	7520000
chr2	13846437	13851282	25e16b55459283a72299bce013221746	44	False	False	13840000	13860000
chr2	16172250	16181073	509ae01e6c0fbcb81036792ac7201e2c	23	False	False	16170000	16190000
chr2	24450998	24452423	f249173a3ce2ea0ec2c7519020ec3420	8	False	False	24450000	24460000
chr2	35960780	35963269	241cf4b49c7a2503dfe24790fa11f515	9	False	False	35960000	35970000
chr2	51544831	51545859	5778c6993127995345fafd2331288f46	8	False	False	51540000	51550000
chr2	57225640	57229761	08e84e16501982de4f76a02f8038d18f	16	False	False	57220000	57230000
chr2	67914956	67918121	e8e7624648e500fcfe65a73688839b0a	16	False	False	67910000	67920000
chr2	68458020	68478968	85614a5745e7d091992dd509ebc9b430	53	False	False	68450000	68480000
chr2	83341109	83343527	2e44bda4df293ca560f73c49c5fc0e18	10	False	False	83340000	83350000
chr2	84894377	84895214	8eee667fdddb06594591f0746e6edf21	6	False	False	84890000	84900000
chr2	88188291	88188735	67c1de4bb5344a85481f8566deeee11c	5	False	False	88180000	88190000
chr2	88189595	88197022	89aea3a880af95a91a843dc15bedfacd	71	False	True	88180000	88200000
chr2	88841741	89350719	5eef6de6758fe3ca7e556749386ba2b9	67	True	False	88840000	89360000
chr2	89447650	89837070	3d4f3330633e618a4e26b81f077db603	33	True	False	89440000	89840000
chr2	89898156	90193178	d24b14a09585369ab0aa3da62ceff066	21	True	False	89890000	90200000
chr2	90415985	90792148	4e9f8c059daa31aaa95c7fbac73b8cd7	17	True	False	90410000	90800000
chr2	90850195	90870610	662fdee0623469708367f37c57db19f8	5	True	False	90850000	90880000
chr2	90890214	90891686	159ebe901b878e0c5eeeaebcbd929d18	5	True	False	90890000	90900000
chr2	94743998	94824732	eba62335f98f91acd463da8addd672cc	26	True	False	94740000	94830000
chr2	94868510	94946675	28e22ddf636d4f56a0bef3e5d6efdeec	16	True	False	94860000	94950000
chr2	97791149	97827776	bee2f94037d2e7ec756da0e86c888bae	6	True	False	97790000	97830000
chr2	97854544	97867081	87939d7d31f746807591d38ffd224880	5	True	False	97850000	97870000
chr2	103879667	103890329	29e501d43590b86ff37454eb8ccbca49	59	False	False	103870000	103900000
chr2	110818414	110863744	cabea87a037284c4484a05a2913190e7	5	True	False	110810000	110870000
chr2	110915762	110947887	7609c16e9a15489a663da66a528a0c99	5	True	False	110910000	110950000
chr2	110959151	110980816	f640b2b2336b6f8979a46682552533f2	5	True	False	110950000	110990000
chr2	111003345	111019921	364c809d28b44713d0f50b6905f4be84	6	True	False	111000000	111020000
chr2	123792141	123794996	75993a306425f11e3280762a56ddf8a9	12	False	False	123790000	123800000
chr2	124116953	124123858	e54bd454197ee5fb591bf9ba4026e926	70	False	False	124110000	124130000
chr2	130965343	131024174	a9fdfc35c8244425a1be748256dff295	41	True	False	130960000	131030000
chr2	136790392	136792974	94ebbe4b033607d84111a449ddbf6174	8	False	False	136790000	136800000
chr2	161048063	161049182	3e61174d83653bef3450332485b69bed	8	False	False	161040000	161050000
chr2	167281794	167284600	66fa2abedb58d6265117a81ad8cf7237	18	False	False	167280000	167290000
chr2	169941311	169944402	cea5925ee84bd7aa2607b73b69746357	11	False	False	169940000	169950000
chr2	194947316	194980083	24efbea014b4f5cb22716777e6dffd52	35	False	False	194940000	194990000
chr2	232314768	232358201	afe721b6d00ce60e2c8c274e85c97818	41	True	False	232310000	232360000
chr2	242386717	242404239	b0115f997b9236bfb43dfec9de1621a5	28	False	False	242380000	242410000
chr2	242405220	242405320	69e22324da53b0dd5d959bf419c955bd	5	False	False	242400000	242410000
chr20	862421	868449	ce8947380eaef308246caa89b7a7c6ba	26	False	True	860000	870000
chr20	868660	868959	bbcb7bc3e8cdcafef01ea336b64de16a	5	False	False	860000	870000
chr20	14909951	14913322	4aea5c4324057dcfccd48b85e98b34a9	26	False	False	14900000	14920000
chr20	31126366	31169159	6aca98cef1d19f8ead9a25e0b23325ab	6	True	False	31120000	31170000
chr20	34045663	34048306	1a616c02dcc5a9de950e1e2afd4066b5	18	False	False	34040000	34050000
chr20	64108321	64113675	36f172d3b8bbb2b44ca16275b16328cb	12	False	False	64100000	64120000
chr20	64114013	64114377	472c7d30ac25e71bcf52f9431b0410d7	5	False	False	64110000	64120000
chr20	64880674	64974168	6c7617b1a2282bfa794fc92ca7904f48	84	False	False	64880000	64980000
chr20	65164449	65172052	7e96da436ba70207e4757ff99f02f445	24	False	False	65160000	65180000
chr20	65513672	65513886	e8b809cdecbe6491d36e47163e926619	5	False	False	65510000	65520000
chr20	65514068	65515392	fc6cae3cbe5b6a0b94b381e687a46909	6	False	False	65510000	65520000
chr21	2300736	2492583	357587e0984ff14cfda0566c3237c8bd	33	True	False	2300000	2500000
chr21	2681131	2688956	9ad5ae68340ea17557ae48511aaadc7b	33	True	False	2680000	2690000
chr21	2845388	2949335	a2bbb871682010740afcdc7ac249c900	38	True	False	2840000	2950000
chr21	3107631	5649618	245a0463129aa0491cebb78b8e60955d	79	True	False	3100000	5650000
chr21	5745748	5766644	21c65f2a188258cf9253e6f008979c6d	44	True	False	5740000	5770000
chr21	7799944	7975668	b1b302bd1073b9c0c12480d98ddc5f63	60	True	False	7790000	7980000
chr21	8008997	8049383	01ca01b08c5a6394a130ee9039509e5f	55	True	False	8000000	8050000
chr21	9185810	9829225	f744b4ce582b6a296225ca83fde2157c	49	True	False	9180000	9830000
chr21	9889585	9991466	a01160b59cf1c779669507150db38c4c	41	True	False	9880000	10000000
chr21	10646576	10775065	c36d2f404deb2edd77808cfaac9f55e7	40	True	False	10640000	10780000
chr21	18647813	18649943	4ab2729341271eb8cf4c21291aa29511	10	False	False	18640000	18650000
chr21	35710819	35712021	7d16c19a38c2797ac25f7c56cdc086cc	12	False	False	35710000	35720000
chr21	38906963	38907748	e590f545898d31a605f1a2975ce8d22a	8	False	False	38900000	38910000
chr21	42748017	42766958	8e14cea2cc0f25cd08c555e3dab2bb9c	76	True	False	42740000	42770000
chr21	44350867	44350924	5a1392f68fcf4715de3720bdce328692	5	False	False	44350000	44360000
chr21	44351694	44359851	10964cf01ef08109506da5fe710e435d	22	False	False	44350000	44360000
chr21	44522546	44528743	16d020f5b24e74d5eb7f0f29678f0aef	7	False	False	44520000	44530000
chr21	44528801	44528977	5cc520806f8eec0ed35c2c608bc19ce3	5	False	False	44520000	44530000
chr21	44529306	44531679	6f841f00aa037049aa2ee545a335288c	7	False	False	44520000	44540000
chr21	44535417	44535803	d908772a14646486946498f3ef5d2f4c	5	False	False	44530000	44540000
chr21	44538728	44540212	040d14c354c15d6d406f80cebfccfc2e	5	False	False	44530000	44550000
chr22	122046	429067	8f389f328ca5685269e62f8a49f24b68	25	True	False	120000	430000
chr22	3758810	4309437	898f234e6c2c6fb7d41f543e1e6875af	34	True	False	3750000	4310000
chr22	4337079	4453643	19332a9fdc7936b57e546d9900590a03	27	True	False	4330000	4460000
chr22	4686506	5823668	6d3da91585af9f1255f990075ca3b929	82	True	False	4680000	5830000
chr22	5828838	5936548	2e25ee6859212c7bd548e01351efaa93	39	True	False	5820000	5940000
chr22	6266204	6396381	4b4d630c75b695e38c55cb1da13155dc	43	True	False	6260000	6400000
chr22	6483318	6500797	1a5c6603100a243035525a694ab140fe	34	True	False	6480000	6510000
chr22	6693990	6724196	8fa5897b135f390876b8e574c1a667e9	40	True	False	6690000	6730000
chr22	7526807	7584680	df70bf0c0b2fdc07824bb14992d231d9	41	True	False	7520000	7590000
chr22	9266634	9313203	f513ea713bd25cb8f1fe7c30add7d0fd	42	True	False	9260000	9320000
chr22	12327125	12356827	8051cdfc0351f52bce04426f403544b6	7	True	False	12320000	12360000
chr22	18901364	18911113	6c02d041f605206823860de0b736aeda	10	True	False	18900000	18920000
chr22	19051198	19065917	7c4a279d41a3c265f8f710dc25dca661	5	True	False	19050000	19070000
chr22	19077988	19097391	8d01dbf1ba2b40afdf05822fb91736d0	20	True	False	19070000	19100000
chr22	19107881	19248339	7ae5eec915955e06dd64e8ec364d1935	12	True	False	19100000	19250000
chr22	19257817	19270980	cc7f706bc7f2e75c36bde643d817b1e1	14	True	False	19250000	19280000
chr22	20719858	20740810	073b4a56bf00eec6739573fae7c44374	6	True	False	20710000	20750000
chr22	21725787	21741230	089dc4a00674b0dbde1a085e6653e8b6	15	True	False	21720000	21750000
chr22	34852612	34856111	e562bad19b53bc023daf000df09e58e6	16	False	False	34850000	34860000
chr22	38569384	38578828	21597d42d1a7208c5d0441e144baeca1	71	False	False	38560000	38580000
chr22	46953475	46957593	27f873405ea071bc7201cb10f9207a07	21	True	False	46950000	46960000
chr3	510480	513032	f8d2a2e09eb0d250d132319e8bb501da	21	False	False	510000	520000
chr3	16120600	16120936	36ab742462d8d32f4c9f25fdaf7c1fc1	7	False	False	16120000	16130000
chr3	16404612	16405508	db164770eb6482f5c22570620c181e26	9	False	False	16400000	16410000
chr3	18788761	18803016	3661e534b86d23c7350ab48e68c0cbfe	26	False	False	18780000	18810000
chr3	21152139	21154534	6c19bbc051d6cbb0c8e2c689d2d65648	10	False	False	21150000	21160000
chr3	21154883	21155292	3fa0c76794aea9f7bd35a8304de4c9c4	5	False	False	21150000	21160000
chr3	32943875	32947747	0c0c259b2fb77c83b559b11ab46d3d3d	12	False	False	32940000	32950000
chr3	34705337	34705605	4bbbbdb8a0494ee6619adc04f14a194b	5	False	False	34700000	34710000
chr3	39729956	39736089	0f57bde0d37ee5efc1557fa1ca7ddbe8	29	False	False	39720000	39740000
chr3	40218232	40218826	5028d3d1fcda1bf1dc08eb16bebe6f2b	6	False	False	40210000	40220000
chr3	40219193	40219220	dbc62302738ea7588990b2a0c7fc8304	5	False	False	40210000	40220000
chr3	49633898	49634197	5dacf3e138a92ff4287e9eae7bed1e99	5	False	False	49630000	49640000
chr3	49635182	49635427	fa44fd3fd57caa390ff0cc361ccddd19	5	False	False	49630000	49640000
chr3	101394129	101396798	3fd9bda7a429937510d9d8b5b9ac2a0b	8	False	False	101390000	101400000
chr3	105090329	105090450	07157f02087ae31aa2955ce988356405	5	False	False	105090000	105100000
chr3	131327210	131332882	c58ae51f172733ad8437d3237df8bf56	14	False	False	131320000	131340000
chr3	134719071	134724472	d212d6833942191bce5b04b216971259	34	False	False	134710000	134730000
chr3	136166759	136168297	0ee12ed30095bdbce7cc2e813a255b3b	5	False	False	136160000	136170000
chr3	136170524	136171102	cea8108d5f8a8b5d6bc2c8cd6d42552d	6	False	False	136170000	136180000
chr3	141855034	141857382	185a9cb265d1d7fe42dce1f882a24ca3	9	False	False	141850000	141860000
chr3	148473756	148476973	d86b5deda81f9f738001893041ef0440	39	False	False	148470000	148480000
chr3	185977817	185978455	919e4b7e00e3f9714916b1d33e1b9405	6	False	False	185970000	185980000
chr3	185978609	185979511	d75a4bec93807874c398bbc4af5cce1d	7	False	False	185970000	185980000
chr3	185979998	185980738	03872f0a94915d953d473078792bf374	5	False	False	185970000	185990000
chr3	187357799	187360595	98c60d025132fe6b37f5a618de3eca27	16	False	False	187350000	187370000
chr3	199529200	199539327	d19c9ae323b87f7bb8ba6421e31d52ee	42	False	False	199520000	199540000
chr4	5285905	5286022	3705975a8cecbc998e1a065b1db52c8d	5	False	False	5280000	5290000
chr4	5286504	5286611	b8607d839525a6c056e09126ed5c24ed	6	False	False	5280000	5290000
chr4	12640133	12694263	0dd98ee07806e4091cbce2e93d9870eb	39	False	False	12640000	12700000
chr4	14894368	14907010	1dcf4a0134d3f62ab5ce1f3d63053916	36	False	False	14890000	14910000
chr4	15848562	15849595	03084439afb34e50fcc8e33b0f918567	7	False	False	15840000	15850000
chr4	26188438	26201093	bdca0b484b63fa2069fd31378268984e	41	False	False	26180000	26210000
chr4	31802821	31812560	40835420691e0a5b5a6263fd32851149	22	False	False	31800000	31820000
chr4	32803682	32810174	005ddbeae90ea71780107b0f8b6133f1	26	False	False	32800000	32820000
chr4	43419006	43419193	f2ce07736e503f4c4c5b391f4d992c43	5	False	False	43410000	43420000
chr4	61397326	61398448	1f97dab28f847eb1236c32f2e4b40aed	9	False	False	61390000	61400000
chr4	73960593	73965987	00725362dd6c1e0c288698860bf378ef	22	False	False	73960000	73970000
chr4	75871198	75874203	cf7906f3e0e43fe50ec12eaac40d7093	7	False	False	75870000	75880000
chr4	77903676	77910368	a90c38eea8f7d1e59534e97e9aa59535	18	False	False	77900000	77920000
chr4	84129023	84130793	cdbe1c3f368cc2c51776be2f2e460a34	13	False	False	84120000	84140000
chr4	91710119	91714350	f389bd0315abb7e2b222846e174e5973	34	True	False	91710000	91720000
chr4	95289033	95291138	0a7579acc1faf32a446d51ea193eb979	13	False	False	95280000	95300000
chr4	110857291	110859036	80524f18545472cdf7937ae0d1eb04a5	10	False	False	110850000	110860000
chr4	120500316	120500620	fb7fb170d7cfd667d56c99476f958650	7	False	False	120500000	120510000
chr4	133310975	133320578	58293234a3db7ef3b7e9f98326e40fd2	46	False	False	133310000	133330000
chr4	176822692	176824996	2fc355e6a70ff0b496fc487295a15f3b	11	False	False	176820000	176830000
chr4	183731088	183734637	f02e679fd9664337164c1a55da9ff4d4	15	False	False	183730000	183740000
chr4	186171886	186180700	7942f7730e520c23caa6be3ee5bdc948	45	True	True	186170000	186190000
chr4	191497021	191502273	187af10504deb5902546cd56cb2572e1	23	True	False	191490000	191510000
chr5	3192463	3193142	c7369d726d44c4408d33e2a4218b6880	6	False	False	3190000	3200000
chr5	4107912	4120468	32386b1c5c561feedae9a1ee5f410b61	56	False	False	4100000	4130000
chr5	6499212	6502540	806b65276b8b1f2cedbf291b901e1b71	18	False	False	6490000	6510000
chr5	10285437	10285519	4779aab3248ac12e4014d2ff2b6e12c4	5	False	False	10280000	10290000
chr5	11066831	11067278	7700d7fc1defea50e6f411e60c67da3f	7	False	False	11060000	11070000
chr5	11753059	11756158	bdaebb1db7e0f9d72d687ef369703c93	15	False	False	11750000	11760000
chr5	17811929	17815004	4641a9f31e59a996b1e404dc6fdeddb1	34	False	False	17810000	17820000
chr5	21513150	21559384	95f97bb3c132b03c7b81a14f03b68deb	5	True	False	21510000	21560000
chr5	43283479	43291037	7087af9b97499e7d4a0d511df8f91380	24	False	False	43280000	43300000
chr5	43291774	43294327	e9e8f529b5696930b99cdad50d72b478	5	False	False	43290000	43300000
chr5	62098445	62103437	a338d60de7f5f9ffb94d89072dd24f4d	18	False	False	62090000	62110000
chr5	69510222	69510979	1d43ed83eaa7fdcea557e8578ad9b2dc	6	False	False	69510000	69520000
chr5	70455357	71096123	ef5f32ea69fd5de457e3b17aadc3aba0	23	True	False	70450000	71100000
chr5	71098362	71121991	ef421062c4af76e4426ce74bc5389bcb	5	True	False	71090000	71130000
chr5	71189743	71377150	bc1007181ba6f062073dbe6f36bc2dab	9	True	False	71180000	71380000
chr5	71550706	71602835	2e30b20889472cf2a025648f81f6450a	7	True	False	71550000	71610000
chr5	79661660	79666261	37088978db2e3f2080ec9ed6381b86c5	14	False	False	79660000	79670000
chr5	82951596	82955578	d5313407985d124fb51fe3f9e3d8ef88	14	False	False	82950000	82960000
chr5	86339467	86339711	9791a8797bda6f6f9dedec9e240582c3	5	False	False	86330000	86340000
chr5	92826732	92831422	bcd852b037012a6de851d7cb9f9a2ccc	19	False	False	92820000	92840000
chr5	92831636	92831789	8cadb38e078078e785089286f6217306	5	False	False	92830000	92840000
chr5	98731058	98737446	dd49467e1f9259fe3fa51a26ab46914b	32	False	False	98730000	98740000
chr5	122222854	122223424	f58910aed210008096bbe3e70b688cee	8	False	False	122220000	122230000
chr5	122223426	122224113	d902372257d481a428aa1029e507562b	5	False	False	122220000	122230000
chr5	126131151	126132804	6e3d79281dce9194330d87c8d2be434a	6	False	False	126130000	126140000
chr5	150182852	150188587	8f44ef5946f6f704b239e5aa90215deb	19	False	False	150180000	150190000
chr5	175282516	175290409	ac2434df9366d21f29371fbb9a5a16c8	40	False	False	175280000	175300000
chr5	181654593	181665402	b141a1038496bb2e33a50f4b2ddc043a	79	False	True	181650000	181670000
chr6	19507037	19508708	1edf9ea5f6a3e84975b773df28299b10	6	False	False	19500000	19510000
chr6	24110223	24110685	8705ad53e8e70f754b5a834f161e60c5	5	False	False	24110000	24120000
chr6	24935293	24935666	04d16b14351c3488e7992dca5a391c7c	7	False	False	24930000	24940000
chr6	24935683	24935698	3add2f6866eec8fe8a8722ff3286f3ee	6	False	False	24930000	24940000
chr6	24936223	24936511	a0007a45c48eb2af4696733a0fb0b58b	12	False	False	24930000	24940000
chr6	26578772	26579813	61b4f3f1e5e869e03054268effc0ed83	5	True	False	26570000	26580000
chr6	26580382	26659056	d2291de3861008bf0f34b858c3515b48	21	True	False	26580000	26660000
chr6	28583871	28589557	d9c6e446201c7677fbd4af5da0c33f3a	26	False	False	28580000	28590000
chr6	39751470	39754211	05c186953d362beef18efdac4a6b4bbc	13	False	False	39750000	39760000
chr6	39754324	39754422	3d97ec3a278ddaf544e13ff194fbde22	5	False	False	39750000	39760000
chr6	48674437	48674605	2ab478199261cea02a2e0ca817eaddd4	6	False	False	48670000	48680000
chr6	55316014	55316328	80ce526b37370ef4f023c6512a071ffc	5	False	False	55310000	55320000
chr6	55937286	55940312	27341b322fcb15b95b96b769922f7516	22	False	False	55930000	55950000
chr6	56164483	56168235	d5622d64d11c62f6de2289ed42afc451	31	False	False	56160000	56170000
chr6	68563165	68565983	68b87983eb162202c73e22db2b978a43	10	False	False	68560000	68570000
chr6	68963257	68967808	bcea9b4cd81c52ed2013e021657585a3	17	False	False	68960000	68970000
chr6	96169404	96176424	8c3c784a92b1991d64fbcae8274b81e9	35	False	False	96160000	96180000
chr6	96670863	96674627	4ec4e66ca954fa46c4114528944a8655	11	False	False	96670000	96680000
chr6	130818088	130818131	27cb1625d58d5f3c633a6dfeccb07b81	5	False	False	130810000	130820000
chr6	130818227	130818227	93df652b870b9eb764f5e0c65bc86d07	5	False	False	130810000	130820000
chr6	130818806	130819106	409979d5980b470d3f7d1c4a29782f04	5	False	False	130810000	130820000
chr6	130819363	130820176	808aeb6e6df748b8261d672aea4e7f1d	6	False	False	130810000	130830000
chr6	143509057	143511087	99b13706187680e5f469a9aefdfaab70	13	False	False	143500000	143520000
chr6	149934090	149940345	78bbdd2659fb01382a680f4c9e4d7039	31	False	False	149930000	149950000
chr6	156908718	156912313	0f47655f4a4440eaa1435cd8162e149a	28	False	False	156900000	156920000
chr6	163370386	163378133	98f437571359d176dea660e6fbfd8c52	41	False	False	163370000	163380000
chr6	165992861	165993703	7fe7e5655af5bf7605954fe8a93bf514	8	False	False	165990000	166000000
chr6	167392065	167401970	f33d9858392a2baaba984d7290825720	34	False	False	167390000	167410000
chr6	167402529	167403037	1bb6bbce8f88842a99bedf0db9bbd650	5	False	False	167400000	167410000
chr6	167656845	167657372	f2ac3b44a18b8768b6fb5da0909fede6	5	False	False	167650000	167660000
chr6	167658250	167666951	a3ea3e9e8bd9d550aad0712a3d3e73a9	27	False	False	167650000	167670000
chr7	576601	579409	3963e954db9629c8919afb00e8279749	8	False	False	570000	580000
chr7	1006696	1025629	df9762ba8c92e315b7f0a7dda55be346	50	False	False	1000000	1030000
chr7	11310628	11311458	a799aafbad3c191f46b255f3fcab0f99	9	False	False	11310000	11320000
chr7	20412545	20412808	3d181e64c92eb497dd55b7a72eaa6326	5	False	False	20410000	20420000
chr7	20412890	20413188	db6b9b5e0bf6aa3e4be5ce8f58ca949d	5	False	False	20410000	20420000
chr7	56360866	56368555	32fb1c303a5a01464c84be4134f277c4	54	True	False	56360000	56370000
chr7	58584767	58629724	aa4c9419c432cbf13d0ff9cccb6df55a	7	True	False	58580000	58630000
chr7	64537545	64581272	3db47c7d2ac55f6c9cde5e74653d30a8	7	True	False	64530000	64590000
chr7	66432591	66434170	bfeefa58c248201e6dd034ea7a8d987b	8	False	False	66430000	66440000
chr7	72095544	72095800	b2f3a75908e019fd9394289ed78bb888	7	False	False	72090000	72100000
chr7	72096072	72096281	aeb5c73e29de7b2c3794b2da31dc1f31	5	False	False	72090000	72100000
chr7	72897099	72898870	dc34bd33c6330af405d272ba13c8d8ee	15	False	False	72890000	72900000
chr7	106137837	106141536	ac40fc94a1d037a70d7c50a926adab12	51	False	False	106130000	106150000
chr7	114114123	114117719	f6920194aee335a4a12fad87e2c21b88	22	False	False	114110000	114120000
chr7	133881913	133885028	ed70c0ea5bc11f6b9a2818b393cc0c35	12	False	False	133880000	133890000
chr7	141701825	141702110	8af1fae8953d4fdf712ac68d6e7bec5a	6	False	False	141700000	141710000
chr7	143357001	143357336	495d78d49e4a39223134a1c12772fabd	5	True	False	143350000	143360000
chr7	143357475	143357612	c415b01b4a0561bb13a012a5c8a76992	5	True	False	143350000	143360000
chr7	143357707	143360236	7559caef9331edbf2f4be8b8214d7ab6	12	True	False	143350000	143370000
chr7	146199972	146200239	d2b13fbf279cb27559cb5949b865414c	6	False	False	146190000	146210000
chr7	154679281	154682229	e0b7ed51109eae174064b9050841bfb9	11	False	False	154670000	154690000
chr7	158960925	158966675	a3b1b832a8e224ca7a1377246c4fd8a7	13	False	True	158960000	158970000
chr7	159812176	159816503	1e4e7ade3842178c9503ddb9f099c986	5	False	False	159810000	159820000
chr8	1968419	2147126	016b7ec9670c4eef92a933802f5b8077	61	True	False	1960000	2150000
chr8	5867152	5869352	31ba025d257957983f0f68b10f7fce0f	5	False	False	5860000	5870000
chr8	5870229	5870289	8c971ae419cf3ab2836674a9d7521738	5	False	False	5870000	5880000
chr8	6432436	6435537	2af74965bf88b768d5e444c0900de773	25	False	False	6430000	6440000
chr8	7293889	7322912	0f9e000388afde5c346f9a08d723cfd3	7	True	False	7290000	7330000
chr8	10461021	10461025	3599ec0c6aaba41b08439a03f27c4b4e	5	False	False	10460000	10470000
chr8	11722109	12459908	b5ad86237f819c0d1a88882abd90e4ca	21	True	False	11720000	12460000
chr8	21130310	21131629	e1c275759dfdbd2346c04fa502c89734	15	False	False	21130000	21140000
chr8	26280493	26280628	ddc576360ea2356e689c9348d764cfa2	5	False	False	26280000	26290000
chr8	33586879	33587612	0036a034d712637a43dabb5c78354d68	5	False	False	33580000	33590000
chr8	33587813	33594355	43eaadf0b0b4943b866a44a0191dee3b	26	False	False	33580000	33600000
chr8	35523612	35523643	f7c14133eafb3de56a1597f0a4539416	5	False	False	35520000	35530000
chr8	35523972	35524992	ada6233ffc115b6cb34a9a6cad960d8d	6	False	False	35520000	35530000
chr8	77771702	77775243	67f6f0deb4e49f1176ba403ebad38e27	12	False	False	77770000	77780000
chr8	87276887	87283833	d6055e0657f8b3a5f9bd06c77a5c1393	24	False	False	87270000	87290000
chr8	87938233	87942140	820b28cbbb62470e08dd6a023d00e3c8	36	False	False	87930000	87950000
chr8	119596349	119597386	7aaa30c49cd79ced84629e0985d3dac4	5	False	False	119590000	119600000
chr8	119597427	119598129	2c1e705b71090c05abf664294972f74a	7	False	False	119590000	119600000
chr8	122048503	122048735	de32d961fe5cf00bb23045ad5885ae8b	6	False	False	122040000	122050000
chr8	142322520	142325530	b2f8da77b5f7093eb69aed0983ab182e	14	False	True	142320000	142330000
chr8	144361957	144363331	72556331b064bec70c184c6da310f6c6	6	False	False	144360000	144370000
chr8	144363351	144363755	4a18b3173ae467b6c88820ab1a148adf	5	False	False	144360000	144370000
chr8	145385205	145385219	34543708fc0c92d476cbe0146323b4d3	5	False	False	145380000	145390000
chr9	513719	513878	9e848884d12c23a61a037a6cff48b21d	6	False	False	510000	520000
chr9	1806653	1806763	09b0fad8d1b30fae2deae11ecc0c2994	5	False	False	1800000	1810000
chr9	1806801	1808421	37587bcdaec30ec2eba891fff6527441	15	False	False	1800000	1810000
chr9	15134339	15138489	f27be8238acf37b69df31d763b40d72c	11	False	False	15130000	15140000
chr9	28199909	28203550	d1700a50680d0c07f6b378ec92f1e45d	17	False	False	28190000	28210000
chr9	29880853	29884419	2960a75177be36ae39685cb2f8879acc	12	False	False	29880000	29890000
chr9	40973238	41998315	829576386a94cedefbe4f1251ac2d52e	6	True	False	40970000	42000000
chr9	43086738	43193883	640095c879e1aa8b442c4f672c52e707	6	True	False	43080000	43200000
chr9	43434071	44046983	2800f3e3ffbe6e60f18cb93ff8171d5d	8	True	False	43430000	44050000
chr9	105907897	105907996	ff7da3ffe92c1dfbdcc7935da62b7ae6	5	False	False	105900000	105910000
chr9	105908022	105909161	bc78eff33e39798bbda7b289f00efcaa	7	False	False	105900000	105910000
chr9	106473340	106485412	8243fc359a0a8eb6c3acdb4b6a561679	51	True	False	106470000	106490000
chr9	106486166	106487594	acfb6e24e1c02e936b335c90586a4218	5	True	False	106480000	106490000
chr9	107740174	107740340	5dce9b8f7b6d597df4582c77b4cc33f9	5	False	False	107740000	107750000
chr9	107740491	107740626	f50838a290c52cf09957dfa7bccc2a4e	5	False	False	107740000	107750000
chr9	107740966	107741246	5edc3f8911b4291746b0dbe90224019f	6	False	False	107740000	107750000
chr9	107741347	107743047	b70e3b97a8683e0e5f69487ea44916a6	9	False	False	107740000	107750000
chr9	113666421	113671763	632e23c573e7cd9ffbe75610640ee4e7	23	False	False	113660000	113680000
chr9	122858608	122860317	c4a66196df9c5f591bc0935ccbf81a12	10	False	False	122850000	122870000
chr9	122860740	122862167	98ec6795583a9e7019ffe73d8ab9929a	6	False	False	122860000	122870000
chr9	125261233	125311756	7fa16167a6a5a4291642336aa9f7ecd5	11	True	False	125260000	125320000
chr9	139081393	139082989	0f164242844c18e27ef88da10e3fb784	8	False	False	139080000	139090000
chr9	145774000	145782102	1677de88132bc4aa81720cc57b146367	44	False	False	145770000	145790000
chr9	149560889	149609831	8bea1a67c4f22fc83ff92be678c8f2fc	50	True	True	149560000	149610000
chr9	149610079	149611111	35bbafa0e1e5e34a6f14f64d7cfd38dd	5	False	False	149610000	149620000
chrX	2647824	2651130	96c1b6402a1edd25dc5b72f97bcfd076	19	False	False	2640000	2660000
chrX	3538083	3540119	3d3509454934063a0a1a878421214499	9	False	False	3530000	3550000
chrX	6079325	6085122	ac833974b94b10717ed97d19380aad29	10	True	False	6070000	6090000
chrX	6085981	6087975	bb98cdffef8172ea14775bd77cf3720a	9	True	False	6080000	6090000
chrX	7722877	7735958	30e1357d58e6b32174934127fbb82111	17	True	True	7720000	7740000
chrX	7992464	7996695	f9b7b57c314a4e1b3b1c6de1113d5e20	16	False	False	7990000	8000000
chrX	8031826	8033014	90f75a69b15327485cb440e67807a4ce	5	True	False	8030000	8040000
chrX	8587849	8590760	68bf9bc884375191b99097ed65d9d09e	9	True	False	8580000	8600000
chrX	19059379	19061858	1cb14f5059e1317d8fa15f9c1cd44e2a	7	False	False	19050000	19070000
chrX	25672173	25672689	4ebb2d9cf1b8b83f16d2ab7d60a0f18d	5	False	False	25670000	25680000
chrX	26991238	26996014	244c5b9b2e81edb801f7940d4ad49cf8	24	False	False	26990000	27000000
chrX	36683797	36691623	b919b7c1265dccfc1a5ae21ade7c107f	15	False	False	36680000	36700000
chrX	36691652	36691665	2fef11785722275a0c0f8101ea10bfa7	5	False	False	36690000	36700000
chrX	44542340	44547693	00f031197b82eac80c7c583ba19a722e	28	False	False	44540000	44550000
chrX	47797953	47823258	08c7878a93e49903115390e42ee65a64	28	True	False	47790000	47830000
chrX	49545596	49549252	44fe297872ef42535c07ab1bf29ec93a	8	False	False	49540000	49550000
chrX	50957728	50979378	396859e5b4e154681911cf21a4853b7e	17	False	False	50950000	50980000
chrX	51982661	52043400	5386eff63f0a2b07fb5662bbfa544942	49	True	False	51980000	52050000
chrX	52203844	52240964	1cdec5562570fa892b419f81a5f7092d	7	True	False	52200000	52250000
chrX	52307565	52361861	cf55863ce8baaac0ae82c1ad652323af	17	False	False	52300000	52370000
chrX	53029364	53045880	13534749405bb1a00bdbc17ad7e358bc	63	False	False	53020000	53050000
chrX	56994939	57017437	eb39a0640d019dc98146439732ee5741	29	False	False	56990000	57020000
chrX	61592563	61630467	2304355ae8add20165f5d944e12a235c	8	True	False	61590000	61640000
chrX	64457299	64465824	ea761c2cfeac20998dbe4789c43b8c59	28	False	False	64450000	64470000
chrX	69349209	69352900	470fb1ad7b17cab6db37f921d5296bf2	22	False	False	69340000	69360000
chrX	70160379	70182954	5cf8ae3c1caefe1869ad2336f16e4192	14	True	False	70160000	70190000
chrX	70184516	70202928	0f2483d8e7e09367214a4ced0d02df20	7	True	False	70180000	70210000
chrX	71239419	71370730	216a835db0502b73e43e2f742ce5528a	52	True	False	71230000	71380000
chrX	76702568	76706985	4d81031d9307a9926647d01c8c720c11	10	False	False	76700000	76710000
chrX	78894529	78895266	46c901ad36ac53cd35851dd804b5fee0	7	False	False	78890000	78900000
chrX	80108178	80108825	962be194e7a864ca7ba82fb821664ae9	5	False	False	80100000	80110000
chrX	80109492	80109636	3f84e92fa7ec99ac0767314d9d32c7c2	5	False	False	80100000	80110000
chrX	82309599	82314987	e028843a201378ba849639bfae646aa9	35	False	False	82300000	82320000
chrX	84171509	84178088	c0a36cfc21f527661e50af3927a4be6c	40	False	False	84170000	84180000
chrX	87331758	87405843	73caaf2c21612de32c89904e1084bf9b	15	False	False	87330000	87410000
chrX	96661692	96666676	3949ae659782bdc6a87203f9655f1d62	12	False	False	96660000	96670000
chrX	100710533	100729211	53c431a70b23be25c5fc03af06f08d2b	5	True	False	100710000	100730000
chrX	100734500	100755539	bd0852282c53df691ea23e6def0b5c34	6	True	False	100730000	100760000
chrX	100759994	100888801	c3d25e4b1ef8f9770d975f1adbd865c8	18	True	False	100750000	100890000
chrX	104886079	104889169	60174c6c93d417c24f5efcd9bab3ec65	24	False	False	104880000	104890000
chrX	107210418	107223621	6c4a063cfc689fc1b3f7ab2a9754acf3	23	False	False	107210000	107230000
chrX	110758449	110762947	469dc51e34706e384eeb4c8c816dea51	16	False	False	110750000	110770000
chrX	112732310	112741078	6b7de0f4d0eb250936abad9a599005c3	27	False	False	112730000	112750000
chrX	112866863	112869453	b8261d8db90cc4a720eec9e4fad9f227	15	False	False	112860000	112870000
chrX	114106896	114140279	98ddbe9dc707dbf9145f54a19c076556	12	True	False	114100000	114150000
chrX	114164800	114229544	e1ac31512a5dfef60007e17ad3bce31e	8	True	False	114160000	114230000
chrX	114239713	114243486	8ff0e3fb529ebd0aae562827d1961f7e	5	True	False	114230000	114250000
chrX	114964404	114973631	878635afb0d949dd08501f729b3bb7c2	35	False	False	114960000	114980000
chrX	121041139	121121411	5e82a14700871bb66223ea431f30b865	14	False	False	121040000	121130000
chrX	123651353	123667759	b663f13ea2b0100ea6b4cd9b21d58e6f	64	False	False	123650000	123670000
chrX	125090323	125090478	6ff70f4fb0e9aadcd0d16b3a7b49222b	5	False	False	125090000	125100000
chrX	125090643	125091360	7a5b82a3f8d1e8606f1614199199c148	5	False	False	125090000	125100000
chrX	125092265	125092511	b303add6ba0c1209964248995b6aaa17	5	False	False	125090000	125100000
chrX	126783930	126786691	e38bcabdee80915e5b96ee5562da1463	8	False	False	126780000	126790000
chrX	135623770	135627660	0c007dacf12fc89345b0bdd3af81b923	14	False	False	135620000	135630000
chrX	141520739	141524525	189ee87f561645c3ee79a9b71833aeb7	26	False	False	141520000	141530000
chrX	142729455	142734409	253f6db1bc2dfbcbe52ca4c2a7840589	10	False	False	142720000	142740000
chrX	148175798	148175877	e43d971046518d4ffe7899050293da1f	5	False	False	148170000	148180000
chrX	148175938	148182360	f15a0cf9138d35a36d6095c7af9d46b3	14	False	False	148170000	148190000
chrX	151264781	151268042	7a60156c471ee270c27836f802e8db91	12	False	False	151260000	151270000
chrX	151341967	151343159	6ac8360522f9e2916352af7bb49ed93b	10	True	False	151340000	151350000
chrY	9759400	10594349	3d813ee8a717c681346f9e38adaa46c6	15	False	False	9750000	10600000
chrY	14019658	14023070	31efb49997fd0ea96ccf2c0378d5183d	6	False	False	14010000	14030000
chrY	17551485	17948436	0b0b7e81afadf719cb35eeaabaccff52	10	False	False	17550000	17950000
chrY	17951261	17954716	ac6185ed02658b901cdcc0ea75fc4c89	6	False	False	17950000	17960000
chrY	17973074	18680025	212daf7d352e6adde16fdb66aaa461ce	16	False	False	17970000	18690000
chrY	22441373	22493308	55d5d64657b39672f80f2ac625c2db40	8	False	False	22440000	22500000
chrY	23047987	23358994	114a68ed1eb6f82d56cd6e5493261717	14	False	False	23040000	23360000
chrY	23534407	24695147	70bf07806ff0411571726b7b9dfd2009	9	False	False	23530000	24700000
chrY	25289690	25967290	aa4e66674c4ef8aee06c3c5f98be762d	8	False	False	25280000	25970000
chrY	25999425	26092185	5cba58d89d0de6b9f36d856795f605aa	5	False	False	25990000	26100000
chrY	26651743	56673213	ed89b3771081c52e8bab53bdf9fbd30c	19	False	False	26650000	56680000
